date,city,county,state,venue,candidate,rally,name,lat,lon,DMA,GEOID
2016-06-10,Richmond,Richmond,VA,Richmond Coliseum,trump,"Richmond Coliseum, Richmond, VA","601 E Leigh St, Richmond, VA 23219, USA",37.5446385,-77.4344395,RICHMOND (VA) - PETERSBURG (VA),51760
2016-06-11,Moon,NA,PA,"Atlantic Aviation PIT, Pittsburgh International Airport",trump,"Atlantic Aviation PIT, Pittsburgh International Airport, Moon, PA","Atlantic Aviation PIT, 300 Horizon Dr, Moon, PA 15108, USA",40.497149,-80.222248,PITTSBURGH (PA),42003
2016-06-11,Tampa,NA,FL,Tampa Convention Center,trump,"Tampa Convention Center, Tampa, FL","333 S Franklin St, Tampa, FL 33602, USA",27.9420214,-82.4556374,TAMPA (FL) - ST. PETERSBURG (FL) - SARASOTA (FL),12057
2016-06-14,Greensboro,NA,NC,Greensboro Coliseum CompleY,trump,"Greensboro Coliseum CompleY, Greensboro, NC","1921 W Gate City Blvd, Greensboro, NC 27403, USA",36.058682,-79.82613099999999,GREENSBORO (NC) - HIGH POINT (NC) - WINSTON SALEM (NC),37081
2016-06-15,Atlanta,NA,GA,Fox Theatre,trump,"Fox Theatre, Atlanta, GA","660 Peachtree St NE, Atlanta, GA 30308, USA",33.7724591,-84.38578100000001,ATLANTA (GA),13121
2016-06-16,Dallas,NA,TX,Gilley's Club,trump,"Gilley's Club, Dallas, TX","1135 S Lamar St, Dallas, TX 75215, USA",32.768777,-96.79798699999999,DALLAS (TX) - FT. WORTH (TX),48113
2016-06-17,The Woodlands,NA,TX,The Woodlands Waterway Marriott Hotel & Conference Center,trump,"The Woodlands Waterway Marriott Hotel & Conference Center, The Woodlands, TX","1601 Lake Robbins Dr, The Woodlands, TX 77380, USA",30.1607214,-95.4603992,HOUSTON (TX),48339
2016-06-18,Las Vegas,NA,NV,"Mystère Theatre, Treasure Island Hotel and Casino",trump,"Mystère Theatre, Treasure Island Hotel and Casino, Las Vegas, NV","3300 S Las Vegas Blvd, Las Vegas, NV 89109, USA",36.1247446,-115.1720809,LAS VEGAS (NV),32003
2016-06-18,Phoenix,NA,AZ,"Arizona Veterans Memorial Coliseum, Arizona State Fairgrounds",trump,"Arizona Veterans Memorial Coliseum, Arizona State Fairgrounds, Phoenix, AZ","1826 W McDowell Rd, Phoenix, AZ 85007, USA",33.469444,-112.096667,PHOENIX (AZ),04013
2016-06-28,St. Clairsville,NA,OH,"Health and Physical Education Center, Ohio University Eastern Campus",trump,"Health and Physical Education Center, Ohio University Eastern Campus, St. Clairsville, OH","45425 National Rd W, St Clairsville, OH 43950, USA",40.0735781,-80.9753648,WHEELING (WV) - STEUBENVILLE (OH),39013
2016-06-29,Bangor,NA,ME,Cross Insurance Center,trump,"Cross Insurance Center, Bangor, ME","515 Main St, Bangor, ME 04401, USA",44.788802,-68.77929,BANGOR (ME),23019
2016-07-05,Raleigh,NA,NC,"Raleigh Memorial Auditorium, Duke Energy Center for the Performing Arts",trump,"Raleigh Memorial Auditorium, Duke Energy Center for the Performing Arts, Raleigh, NC","2 E South St, Raleigh, NC 27601, USA",35.77121899999999,-78.6395764,RALEIGH (NC) - DURHAM (NC) - FAYETTEVILLE (NC),37183
2016-07-06,Cincinnati,NA,OH,Sharonville Convention Center,trump,"Sharonville Convention Center, Cincinnati, OH","11355 Chester Rd, Cincinnati, OH 45246, USA",39.279265,-84.44502399999999,CINCINNATI (OH),39061
2016-07-12,Westfield,NA,IN,"Grand Park Event Center, Grand Park",trump,"Grand Park Event Center, Grand Park, Westfield, IN","Grand Park Sports Campus, 19000 Grand Park Blvd, Westfield, IN 46074, USA",40.0633175,-86.14945329999999,INDIANAPOLIS (IN),18057
2016-07-23,NA,NA,NA,NA,trump,"NA, NA, NA",United States,37.09024,-95.712891,TULSA (OK),20125
2016-07-25,Winston-Salem,NA,NC,"Winston-Salem Fairground Annex, Dixie Classic Fairgrounds",trump,"Winston-Salem Fairground Annex, Dixie Classic Fairgrounds, Winston-Salem, NC","421 27th St NW, Winston-Salem, NC 27105, USA",36.1246175,-80.2549514,GREENSBORO (NC) - HIGH POINT (NC) - WINSTON SALEM (NC),37067
2016-07-27,Scranton,NA,PA,"Student Union Gymnasium, Lackawanna College",trump,"Student Union Gymnasium, Lackawanna College, Scranton, PA","500-520 Jefferson Ave, Scranton, PA 18510, USA",41.410001,-75.65696799999999,WILKES BARRE (PA) - SCRANTON (PA),42069
2016-07-27,Toledo,NA,OH,Huntington Center,trump,"Huntington Center, Toledo, OH","500 Jefferson Ave, Toledo, OH 43604, USA",41.6510854,-83.5366961,TOLEDO (OH),39095
2016-07-28,Cedar Rapids,NA,IA,DoubleTree Hotel Cedar Rapids Convention Complex,trump,"DoubleTree Hotel Cedar Rapids Convention Complex, Cedar Rapids, IA","350 1st Ave NE, Cedar Rapids, IA 52401, USA",41.9796056,-91.66817859999999,CEDAR RAPIDS (IA) - WATERLOO (IA) - IOWA CITY (IA) - DUBUQUE (IA),19113
2016-07-28,Davenport,NA,IA,Adler Theatre,trump,"Adler Theatre, Davenport, IA","136 E 3rd St, Davenport, IA 52801, USA",41.5228599,-90.5735108,DAVENPORT (IA) - ROCK ISLAND (IL) - MOLINE (IL),19163
2016-07-29,Colorado Springs,NA,CO,"Gallogly Event Center, University of Colorado Colorado Springs",trump,"Gallogly Event Center, University of Colorado Colorado Springs, Colorado Springs, CO","1420 Austin Bluffs Pkwy, Colorado Springs, CO 80918, USA",38.8927051,-104.7986498,COLORADO SPRINGS (CO) - PUEBLO (CO),08041
2016-07-29,Denver,NA,CO,Wings Over the Rockies Air and Space Museum,trump,"Wings Over the Rockies Air and Space Museum, Denver, CO","7711 E Academy Blvd, Denver, CO 80230, USA",39.7208907,-104.8955075,DENVER (CO),08031
2016-08-01,Columbus,NA,OH,Greater Columbus Convention Center,trump,"Greater Columbus Convention Center, Columbus, OH","400 N High St, Columbus, OH 43215, USA",39.9733835,-83.00202349999999,COLUMBUS (OH),39049
2016-08-01,Mechanicsburg,NA,PA,Cumberland Valley High School,trump,"Cumberland Valley High School, Mechanicsburg, PA","6746 Carlisle Pike, Mechanicsburg, PA 17050, USA",40.2438373,-77.0632834,HARRISBURG (PA) - LANCASTER (PA) - LEBANON (PA) - YORK (PA),42041
2016-08-02,Ashburn,NA,VA,Briar Woods High School,trump,"Briar Woods High School, Ashburn, VA","22525 Belmont Ridge Rd, Ashburn, VA 20148, USA",38.9924911,-77.5309723,WASHINGTON (DC) - HAGERSTOWN (MD),51107
2016-08-03,Daytona Beach,NA,FL,Ocean Center,trump,"Ocean Center, Daytona Beach, FL","101 N Atlantic Ave, Daytona Beach, FL 32118, USA",29.22841,-81.01115399999999,ORLANDO (FL) - DAYTONA BEACH (FL) - MELBOURNE (FL),12127
2016-08-03,Jacksonville,NA,FL,Jacksonville Veterans Memorial Arena,trump,"Jacksonville Veterans Memorial Arena, Jacksonville, FL","300 A Philip Randolph Blvd, Jacksonville, FL 32202, USA",30.325811,-81.64505799999999,JACKSONVILLE (FL),12031
2016-08-04,Portland,NA,ME,Merrill Auditorium,trump,"Merrill Auditorium, Portland, ME","20 Myrtle St, Portland, ME 04101, USA",43.65957969999999,-70.2570794,PORTLAND (ME) - AUBURN (ME),23005
2016-08-05,Des Moines,NA,IA,Iowa Events Center,trump,"Iowa Events Center, Des Moines, IA","730 3rd St, Des Moines, IA 50309, USA",41.5915673,-93.6225055,DES MOINES (IA) - AMES (IA),19153
2016-08-05,Green Bay,NA,WI,KI Convention Center,trump,"KI Convention Center, Green Bay, WI","333 Main St, Green Bay, WI 54301, USA",44.5177884,-88.01183639999999,GREEN BAY (WI) - APPLETON (WI),55009
2016-08-06,Windham,NA,NH,Windham High School,trump,"Windham High School, Windham, NH","64 London Bridge Rd, Windham, NH 03087, USA",42.795007,-71.3225341,BOSTON (MA) - MANCHESTER (NH),33015
2016-08-09,Fayetteville,NA,NC,Crown Arena,trump,"Crown Arena, Fayetteville, NC","1960 Coliseum Dr, Fayetteville, NC 28306, USA",35.0149534,-78.89187400000002,RALEIGH (NC) - DURHAM (NC) - FAYETTEVILLE (NC),37051
2016-08-09,Wilmington,NA,NC,"Trask Coliseum, University of North Carolina at Wilmington",trump,"Trask Coliseum, University of North Carolina at Wilmington, Wilmington, NC","680 Hamilton Dr, Wilmington, NC 28403, USA",34.2250178,-77.87833289999999,WILMINGTON (NC),37129
2016-08-10,Sunrise,NA,FL,BB&T Center,trump,"BB&T Center, Sunrise, FL","1205 E 85th St, Kansas City, MO 64131, USA",38.9727969,-94.5746176,KANSAS CITY (MO),29095
2016-08-11,Kissimmee,NA,FL,Silver Spurs Arena,trump,"Silver Spurs Arena, Kissimmee, FL","1875 Silver Spur Ln, Kissimmee, FL 34744, USA",28.2989399,-81.3689867,ORLANDO (FL) - DAYTONA BEACH (FL) - MELBOURNE (FL),12097
2016-08-12,Altoona,NA,PA,Blair County Convention Center,trump,"Blair County Convention Center, Altoona, PA","1 Convention Center Dr, Altoona, PA 16602, USA",40.4575532,-78.40105740000001,JOHNSTOWN (PA) - ALTOONA (PA),42013
2016-08-12,Erie,NA,PA,Erie Insurance Arena,trump,"Erie Insurance Arena, Erie, PA","809 French St, Erie, PA 16501, USA",42.1280011,-80.08088889999999,ERIE (PA),42049
2016-08-13,Fairfield,NA,CT,"William H. Pitt Center, Sacred Heart University",trump,"William H. Pitt Center, Sacred Heart University, Fairfield, CT","5151 Park Ave, Fairfield, CT 06825, USA",41.2195989,-73.2447482,NEW YORK (NY),09001
2016-08-16,West Bend,NA,WI,"Ziegler Family Expo Center, Washington County Fair Park & Conference Center",trump,"Ziegler Family Expo Center, Washington County Fair Park & Conference Center, West Bend, WI","Washington County Fair Park & Conference Center, 3000 Pleasant Valley Rd, West Bend, WI 53095, USA",43.3562604,-88.1866191,MILWAUKEE (WI),55131
2016-08-18,Charlotte,NA,NC,Charlotte Convention Center,trump,"Charlotte Convention Center, Charlotte, NC","501 S College St, Charlotte, NC 28202, USA",35.2230791,-80.84609739999999,CHARLOTTE (NC),37119
2016-08-19,Dimondale,NA,MI,The Summit Sports and Ice Complex,trump,"The Summit Sports and Ice Complex, Dimondale, MI","9410 Davis Hwy, Dimondale, MI 48821, USA",42.6821624,-84.6548375,LANSING (MI),26045
2016-08-20,Fredericksburg,NA,VA,Fredericksburg Expo & Conference Center,trump,"Fredericksburg Expo & Conference Center, Fredericksburg, VA","2371 Carl D. Silver Pkwy, Fredericksburg, VA 22401, USA",38.3158193,-77.5078358,"WASHINGTON, DC(HAGRSTWN)",51630
2016-08-22,Akron,NA,OH,"James A. Rhodes Arena, University of Akron",trump,"James A. Rhodes Arena, University of Akron, Akron, OH","373 Carroll St, Akron, OH 44325, USA",41.075549,-81.50880529999999,CLEVELAND (OH) - AKRON (OH) - CANTON (OH),39153
2016-08-23,Austin,NA,TX,Luedecke Arena,trump,"Luedecke Arena, Austin, TX","Luedecke Arena, Austin, TX 78724, USA",30.2943169,-97.62108029999999,AUSTIN (TX),48453
2016-08-24,Tampa,NA,FL,"Entertainment Hall, Florida State Fairgrounds",trump,"Entertainment Hall, Florida State Fairgrounds, Tampa, FL","4800 US-301, Tampa, FL 33610, USA",27.989841,-82.365494,TAMPA (FL) - ST. PETERSBURG (FL) - SARASOTA (FL),12057
2016-08-24,Jackson,NA,MS,Mississippi Coliseum,trump,"Mississippi Coliseum, Jackson, MS","1207 Mississippi St, Jackson, MS 39202, USA",32.3001314,-90.1719577,JACKSON (MS),28049
2016-08-25,Manchester,NA,NH,Radisson Hotel Manchester Downtown,trump,"Radisson Hotel Manchester Downtown, Manchester, NH","700 Elm St, Manchester, NH 03101, USA",42.988283,-71.4642471,BOSTON (MA) - MANCHESTER (NH),33011
2016-08-30,Everett,NA,WA,Xfinity Arena,trump,"Xfinity Arena, Everett, WA","2000 Hewitt Ave, Everett, WA 98201, USA",47.9785938,-122.2029948,SEATTLE (WA) - TACOMA (WA),53061
2016-08-31,Phoenix,NA,AZ,Phoenix Convention Center,trump,"Phoenix Convention Center, Phoenix, AZ","100 N 3rd St, Phoenix, AZ 85004, USA",33.449759,-112.070973,PHOENIX (AZ),04013
2016-09-01,Wilmington,NA,OH,Roberts Centre,trump,"Roberts Centre, Wilmington, OH","123 Gano Rd, Wilmington, OH 45177, USA",39.5232419,-83.8439561,CINCINNATI (OH),39027
2016-09-06,Greenville,NA,NC,Greenville Convention Center,trump,"Greenville Convention Center, Greenville, NC","303 Greenville Blvd SW, Greenville, NC 27834, USA",35.5730964,-77.39070679999999,GREENVILLE (NC) - NEW BERN (NC) - WASHINGTON (NC),37147
2016-09-09,Pensacola,NA,FL,Pensacola Bay Center,trump,"Pensacola Bay Center, Pensacola, FL","201 E Gregory St, Pensacola, FL 32502, USA",30.4164053,-87.2089072,MOBILE (AL) - PENSACOLA (FL) - FT. WALTON (FL),12033
2016-09-12,Asheville,NA,NC,U.S. Cellular Center,trump,"U.S. Cellular Center, Asheville, NC","87 Haywood St, Asheville, NC 28801, USA",35.5971794,-82.555619,GREENVILLE (SC) - SPARTANBURG (SC) - ASHEVILLE (NC) - ANDERSON (SC),37021
2016-09-13,Clive,NA,IA,7 Flags Event Center,trump,"7 Flags Event Center, Clive, IA","2100 NW 100th St, Clive, IA 50325, USA",41.61243030000001,-93.75779659999999,DES MOINES (IA) - AMES (IA),19153
2016-09-14,Canton,NA,OH,Canton Memorial Civic Center,trump,"Canton Memorial Civic Center, Canton, OH","1101 Market Ave N, Canton, OH 44702, USA",40.8079214,-81.3729855,CLEVELAND (OH) - AKRON (OH) - CANTON (OH),39151
2016-09-15,Laconia,NA,NH,Laconia Middle School,trump,"Laconia Middle School, Laconia, NH","150 McGrath St, Laconia, NH 03246, USA",43.53700629999999,-71.4726707,BOSTON (MA) - MANCHESTER (NH),33001
2016-09-16,Miami,NA,FL,Knight Center Complex,trump,"Knight Center Complex, Miami, FL","400 SE 2nd Ave, Miami, FL 33131, USA",25.7711515,-80.19092549999999,MIAMI (FL) - FT. LAUDERDALE (FL),12086
2016-09-17,Colorado Springs,NA,CO,"Colorado Jet Center, Colorado Springs Airport",trump,"Colorado Jet Center, Colorado Springs Airport, Colorado Springs, CO","1575 Aviation Way, Colorado Springs, CO 80916, USA",38.8086891,-104.721029,COLORADO SPRINGS (CO) - PUEBLO (CO),08041
2016-09-19,Estero,NA,FL,Germain Arena,trump,"Germain Arena, Estero, FL","11000 Everblades Parkway, Estero, FL 33928, USA",26.4404742,-81.77884689999999,FT. MYERS (FL) - NAPLES (FL),12071
2016-09-20,High Point,NA,NC,"Millis Athletic Convocation Center, High Point University",trump,"Millis Athletic Convocation Center, High Point University, High Point, NC","922 Panther Dr, High Point, NC 27262, USA",35.9711065,-79.9960005,GREENSBORO (NC) - HIGH POINT (NC) - WINSTON SALEM (NC),37081
2016-09-20,Kenansville,NA,NC,Duplin County Events Center,trump,"Duplin County Events Center, Kenansville, NC","195 Fairgrounds Dr, Kenansville, NC 28349, USA",34.9507828,-77.98428369999999,GREENVILLE (NC) - NEW BERN (NC) - WASHINGTON (NC),37061
2016-09-21,Toledo,NA,OH,Stranahan Theater,trump,"Stranahan Theater, Toledo, OH","4645 Heatherdowns Blvd, Toledo, OH 43614, USA",41.592692,-83.65179599999999,TOLEDO (OH),39095
2016-09-22,Chester Township,NA,PA,Sun Center Studios,trump,"Sun Center Studios, Chester Township, PA","250 N Commerce Dr, Aston, PA 19014, USA",39.852386,-75.4075833,PHILADELPHIA (PA),42045
2016-09-24,Roanoke,NA,VA,Berglund Center,trump,"Berglund Center, Roanoke, VA","710 Williamson Rd NE, Roanoke, VA 24016, USA",37.2796134,-79.9360265,ROANOKE-LYNCHBURG,51770
2016-09-27,Melbourne,NA,FL,Orlando Melbourne International Airport,trump,"Orlando Melbourne International Airport, Melbourne, FL","Orlando Melbourne International Airport (MLB), 1 Air Terminal Pkwy, Melbourne, FL 32901, USA",28.1012659,-80.645078,ORLANDO (FL) - DAYTONA BEACH (FL) - MELBOURNE (FL),12009
2016-09-28,Council Bluffs,NA,IA,Mid-America Center,trump,"Mid-America Center, Council Bluffs, IA","Mid-America Center, Council Bluffs, IA 51501, USA",41.2365,-95.89277419999999,OMAHA (NE),19155
2016-09-28,Waukesha,NA,WI,Waukesha County Expo Center,trump,"Waukesha County Expo Center, Waukesha, WI","1000 Northview Rd, Waukesha, WI 53188, USA",43.0346553,-88.241351,MILWAUKEE (WI),55133
2016-09-29,Bedford,NA,NH,NH Sportsplex,trump,"NH Sportsplex, Bedford, NH","68 Technology Dr, Bedford, NH 03110, USA",42.9214549,-71.4575672,BOSTON (MA) - MANCHESTER (NH),33011
2016-09-30,Novi,NA,MI,Suburban Collection Showplace,trump,"Suburban Collection Showplace, Novi, MI","46100 Grand River Ave, Novi, MI 48374, USA",42.489142,-83.5026884,DETROIT (MI),26125
2016-10-01,Manheim,NA,PA,Spooky Nook Sports,trump,"Spooky Nook Sports, Manheim, PA","75 Champ Blvd, Manheim, PA 17545, USA",40.1060668,-76.4190675,HARRISBURG (PA) - LANCASTER (PA) - LEBANON (PA) - YORK (PA),42071
2016-10-03,Pueblo,NA,CO,Pueblo Convention Center,trump,"Pueblo Convention Center, Pueblo, CO","320 Central Main St, Pueblo, CO 81003, USA",38.2667019,-104.6079376,COLORADO SPRINGS (CO) - PUEBLO (CO),08101
2016-10-03,Loveland,NA,CO,Budweiser Events Center,trump,"Budweiser Events Center, Loveland, CO","5290 Arena Cir, Loveland, CO 80538, USA",40.4439538,-104.9898335,DENVER (CO),08069
2016-10-04,Prescott Valley,NA,AZ,Prescott Valley Event Center,trump,"Prescott Valley Event Center, Prescott Valley, AZ","3201 N, Main St, Prescott Valley, AZ 86314, USA",34.5889824,-112.3367563,PHOENIX (AZ),04025
2016-10-05,Henderson,NA,NV,Henderson Pavilion,trump,"Henderson Pavilion, Henderson, NV","200 S Green Valley Pkwy, Henderson, NV 89012, USA",36.019262,-115.081401,LAS VEGAS (NV),32003
2016-10-05,Reno,NA,NV,Reno-Sparks Convention Center,trump,"Reno-Sparks Convention Center, Reno, NV","4590 S Virginia St, Reno, NV 89502, USA",39.485859,-119.79211,RENO (NV),32031
2016-10-10,Ambridge,NA,PA,Ambridge Area High School,trump,"Ambridge Area High School, Ambridge, PA","909 Duss Ave, Ambridge, PA 15003, USA",40.592352,-80.2264272,PITTSBURGH (PA),42007
2016-10-10,Wilkes-Barre,NA,PA,Mohegan Sun Arena at Casey Plaza,trump,"Mohegan Sun Arena at Casey Plaza, Wilkes-Barre, PA","255 Highland Park Blvd, Wilkes-Barre Township, PA 18702, USA",41.240536,-75.848551,WILKES BARRE (PA) - SCRANTON (PA),42079
2016-10-11,Panama City Beach,NA,FL,"Aaron Bessant Amphitheater, Aaron Bessant Park",trump,"Aaron Bessant Amphitheater, Aaron Bessant Park, Panama City Beach, FL","600 S Pier Park Dr, Panama City Beach, FL 32413, USA",30.220178400000002,-85.8767275,PANAMA CITY (FL),12005
2016-10-12,Ocala,NA,FL,Southeastern Livestock Pavilion,trump,"Southeastern Livestock Pavilion, Ocala, FL","2232 NE Jacksonville Rd, Ocala, FL 34470, USA",29.2109973,-82.1305818,ORLANDO (FL) - DAYTONA BEACH (FL) - MELBOURNE (FL),12083
2016-10-12,Lakeland,NA,FL,Lakeland Linder International Airport,trump,"Lakeland Linder International Airport, Lakeland, FL","Lakeland Linder International Airport, 3900 Don Emerson Dr, Lakeland, FL 33811, USA",27.9945173,-82.0143138,TAMPA (FL) - ST. PETERSBURG (FL) - SARASOTA (FL),12105
2016-10-13,West Palm Beach,NA,FL,South Florida Fairgrounds Expo Center,trump,"South Florida Fairgrounds Expo Center, West Palm Beach, FL","9067 Southern Blvd, West Palm Beach, FL 33411, USA",26.6816548,-80.1898848,WEST PALM BEACH (FL) - FT. PIERCE (FL),12099
2016-10-13,Cincinnati,NA,OH,U.S. Bank Arena,trump,"U.S. Bank Arena, Cincinnati, OH","100 Broadway St, Cincinnati, OH 45202, USA",39.0979906,-84.50447869999999,CINCINNATI (OH),39061
2016-10-14,Greensboro,NA,NC,White Oak Amphitheatre,trump,"White Oak Amphitheatre, Greensboro, NC","1921 W Gate City Blvd, Greensboro, NC 27403, USA",36.05569029999999,-79.82843059999999,GREENSBORO (NC) - HIGH POINT (NC) - WINSTON SALEM (NC),37081
2016-10-14,Charlotte,NA,NC,Charlotte Convention Center,trump,"Charlotte Convention Center, Charlotte, NC","501 S College St, Charlotte, NC 28202, USA",35.2230791,-80.84609739999999,CHARLOTTE (NC),37119
2016-10-15,Portsmouth,NA,NH,Toyota of Portsmouth,trump,"Toyota of Portsmouth, Portsmouth, NH","150 Greenleaf Ave, Portsmouth, NH 03801, USA",43.0583036,-70.7726522,BOSTON (MA) - MANCHESTER (NH),33015
2016-10-15,Bangor,NA,ME,Cross Insurance Center,trump,"Cross Insurance Center, Bangor, ME","515 Main St, Bangor, ME 04401, USA",44.788802,-68.77929,BANGOR (ME),23019
2016-10-17,Green Bay,NA,WI,KI Convention Center,trump,"KI Convention Center, Green Bay, WI","333 Main St, Green Bay, WI 54301, USA",44.5177884,-88.01183639999999,GREEN BAY (WI) - APPLETON (WI),55009
2016-10-18,Colorado Springs,NA,CO,Norris-Penrose Event Center,trump,"Norris-Penrose Event Center, Colorado Springs, CO","1045 Lower Gold Camp Rd # 3, Colorado Springs, CO 80905, USA",38.8229807,-104.8484216,COLORADO SPRINGS (CO) - PUEBLO (CO),08041
2016-10-18,Grand Junction,NA,CO,"West Star Aviation, Grand Junction Regional Airport",trump,"West Star Aviation, Grand Junction Regional Airport, Grand Junction, CO","796 Heritage Way, Grand Junction, CO 81506, USA",39.1190471,-108.5237651,GRAND JUNCTION (CO) - MONTROSE (CO),08077
2016-10-20,Delaware,NA,OH,Delaware County Fair,trump,"Delaware County Fair, Delaware, OH","236 Pennsylvania Ave, Delaware, OH 43015, USA",40.3140332,-83.0758551,COLUMBUS (OH),39041
2016-10-21,Fletcher,NA,NC,WNC Agricultural Center,trump,"WNC Agricultural Center, Fletcher, NC","761 Boylston Hwy, Fletcher, NC 28732, USA",35.426916,-82.53359379999999,GREENVILLE (SC) - SPARTANBURG (SC) - ASHEVILLE (NC) - ANDERSON (SC),37089
2016-10-21,Johnstown,NA,PA,Cambria County War Memorial Arena,trump,"Cambria County War Memorial Arena, Johnstown, PA","1780, 326, Napoleon St, Johnstown, PA 15901, United States",40.3233444,-78.9232131,JOHNSTOWN (PA) - ALTOONA (PA),42021
2016-10-21,Newtown Township,NA,PA,Newtown Athletic Club Sports Training Center,trump,"Newtown Athletic Club Sports Training Center, Newtown Township, PA","120 Pheasant Run, Newtown, PA 18940, USA",40.2234091,-74.9116703,PHILADELPHIA (PA),42017
2016-10-22,Virginia Beach,NA,VA,"Library Plaza, Regent University",trump,"Library Plaza, Regent University, Virginia Beach, VA","1000 Regent University Dr, Virginia Beach, VA 23464, USA",36.8013502,-76.1969459,NORFOLK (VA) - PORTSMOUTH (VA) - NEWPORT NEWS (VA),51810
2016-10-22,Cleveland,NA,OH,I-X Center,trump,"I-X Center, Cleveland, OH","1 I-X Center Dr, Cleveland, OH 44135, USA",41.399359,-81.853171,CLEVELAND (OH) - AKRON (OH) - CANTON (OH),39035
2016-10-23,Naples,NA,FL,Collier County Fairgrounds,trump,"Collier County Fairgrounds, Naples, FL","751 39th Ave NE, Naples, FL 34120, USA",26.3066209,-81.588431,FT. MYERS (FL) - NAPLES (FL),12021
2016-10-24,St. Augustine,NA,FL,St. Augustine Amphitheatre,trump,"St. Augustine Amphitheatre, St. Augustine, FL","1340C A1A S, St. Augustine, FL 32080, USA",29.8746786,-81.2832636,JACKSONVILLE (FL),12109
2016-10-24,Tampa,NA,FL,MidFlorida Credit Union Amphitheatre,trump,"MidFlorida Credit Union Amphitheatre, Tampa, FL","4802 US-301, Tampa, FL 33610, USA",27.9936985,-82.3644398,TAMPA (FL) - ST. PETERSBURG (FL) - SARASOTA (FL),12057
2016-10-25,Sanford,NA,FL,"Million Air Orlando, Orlando Sanford International Airport",trump,"Million Air Orlando, Orlando Sanford International Airport, Sanford, FL","Million Air Orlando, 2841 Flight Line Ave, Sanford, FL 32773, USA",28.7769072,-81.2505063,ORLANDO (FL) - DAYTONA BEACH (FL) - MELBOURNE (FL),12117
2016-10-25,Tallahassee,NA,FL,Tallahassee Car Museum,trump,"Tallahassee Car Museum, Tallahassee, FL","6800 Mahan Dr, Tallahassee, FL 32308, USA",30.4860162,-84.16285169999999,TALLAHASSEE (FL) - THOMASVILLE (GA),12073
2016-10-26,Kinston,NA,NC,"Kinston Jet Center, Kinston Regional Jetport",trump,"Kinston Jet Center, Kinston Regional Jetport, Kinston, NC","2860 Jetport Rd, Kinston, NC 28504, USA",35.3242752,-77.611767,GREENVILLE (NC) - NEW BERN (NC) - WASHINGTON (NC),37107
2016-10-27,Springfield,NA,OH,Clark County Fairgrounds,trump,"Clark County Fairgrounds, Springfield, OH","4401 S Charleston Pike, Springfield, OH 45505, USA",39.8983609,-83.72872679999999,DAYTON (OH),39023
2016-10-27,Toledo,NA,OH,SeaGate Convention Centre,trump,"SeaGate Convention Centre, Toledo, OH","401 Jefferson Ave, Toledo, OH 43604, USA",41.6493747,-83.5365831,TOLEDO (OH),39095
2016-10-27,Geneva,NA,OH,"Track and Field Building, SPIRE Institute",trump,"Track and Field Building, SPIRE Institute, Geneva, OH","5201 Spire Cir, Geneva, OH 44041, USA",41.773996,-80.9429269,CLEVELAND (OH) - AKRON (OH) - CANTON (OH),39007
2016-10-28,Manchester,NA,NH,Radisson Hotel Manchester Downtown,trump,"Radisson Hotel Manchester Downtown, Manchester, NH","700 Elm St, Manchester, NH 03101, USA",42.988283,-71.4642471,BOSTON (MA) - MANCHESTER (NH),33011
2016-10-28,Lisbon,NA,ME,Open Door Christian Academy,trump,"Open Door Christian Academy, Lisbon, ME","26 Gartley St, Lisbon, ME 04250, USA",44.0283877,-70.1041405,PORTLAND (ME) - AUBURN (ME),23001
2016-10-28,Cedar Rapids,NA,IA,McGrath Amphitheatre,trump,"McGrath Amphitheatre, Cedar Rapids, IA","475 1st St SW, Cedar Rapids, IA 52401, USA",41.973274,-91.66969209999999,CEDAR RAPIDS (IA) - WATERLOO (IA) - IOWA CITY (IA) - DUBUQUE (IA),19113
2016-10-29,Golden,NA,CO,Jefferson County Events Center,trump,"Jefferson County Events Center, Golden, CO","15200 W 6th Ave Frontage Rd, Golden, CO 80401, USA",39.7222235,-105.1709908,DENVER (CO),08059
2016-10-29,Phoenix,NA,AZ,Phoenix Convention Center,trump,"Phoenix Convention Center, Phoenix, AZ","100 N 3rd St, Phoenix, AZ 85004, USA",33.449759,-112.070973,PHOENIX (AZ),04013
2016-10-30,Las Vegas,NA,NV,The Venetian Las Vegas,trump,"The Venetian Las Vegas, Las Vegas, NV","3355 S Las Vegas Blvd, Las Vegas, NV 89109, USA",36.121174,-115.1696526,LAS VEGAS (NV),32003
2016-10-30,Greeley,NA,CO,"Bank of Colorado Arena, University of Northern Colorado",trump,"Bank of Colorado Arena, University of Northern Colorado, Greeley, CO","Butler-Hancock Athletics Center, 270 Alles Dr D, Greeley, CO 80631, USA",40.4022171,-104.7030436,DENVER (CO),08123
2016-10-30,Albuquerque,NA,NM,"Atlantic Aviation ABQ, Albuquerque International Sunport",trump,"Atlantic Aviation ABQ, Albuquerque International Sunport, Albuquerque, NM","Atlantic Aviation ABQ, 2505 Clark Carr Loop SE, Albuquerque, NM 87106, USA",35.0360351,-106.6195197,ALBUQUERQUE (NM) - SANTA FE (NM),35001
2016-10-31,Grand Rapids,NA,MI,DeltaPlex Arena,trump,"DeltaPlex Arena, Grand Rapids, MI","2500 Turner Ave NW, Walker, MI 49544, USA",43.009899,-85.680773,GRAND RAPIDS (MI) - KALAMAZOO (MI) - BATTLE CREEK (MI),26081
2016-10-31,Warren,NA,MI,"Sports & Expo Center, Macomb Community College South Campus",trump,"Sports & Expo Center, Macomb Community College South Campus, Warren, MI","906 B Hall St, Coffeyville, KS 67337, USA",37.03502539999999,-95.64132740000001,TULSA (OK),20125
2016-11-01,Eau Claire,NA,WI,W.L. Zorn Arena,trump,"W.L. Zorn Arena, Eau Claire, WI","Garfield Ave, Eau Claire, WI 54701, USA",44.7989096,-91.4985487,LA CROSSE (WI) - EAU CLAIRE (WI),55035
2016-11-02,Orlando,NA,FL,"CFE Arena, Central Florida Fairgrounds",trump,"CFE Arena, Central Florida Fairgrounds, Orlando, FL","12777 Gemini Blvd N, Orlando, FL 32816, USA",28.607225,-81.19736689999999,ORLANDO (FL) - DAYTONA BEACH (FL) - MELBOURNE (FL),12095
2016-11-02,Pensacola,NA,FL,Maritime Park's Hunter Amphitheater,trump,"Maritime Park's Hunter Amphitheater, Pensacola, FL","S Devilliers St, Pensacola, FL, USA",30.4031006,-87.21734090000001,MOBILE (AL) - PENSACOLA (FL) - FT. WALTON (FL),12033
2016-11-02,Miami,NA,FL,Bayfront Park,trump,"Bayfront Park, Miami, FL","Bayfront Park Station, Miami, FL 33131, USA",25.7730944,-80.1872841,MIAMI (FL) - FT. LAUDERDALE (FL),12086
2016-11-03,Jacksonville,NA,FL,Jacksonville Equestrian Center,trump,"Jacksonville Equestrian Center, Jacksonville, FL","13611 Normandy Blvd, Jacksonville, FL 32221, USA",30.2418761,-81.9084613,JACKSONVILLE (FL),12031
2016-11-03,Concord,NA,NC,Cabarrus Arena & Events Center,trump,"Cabarrus Arena & Events Center, Concord, NC","4751 NC-49, Concord, NC 28025, USA",35.3888468,-80.5004501,CHARLOTTE (NC),37025
2016-11-03,Selma,NA,NC,The Farm,trump,"The Farm, Selma, NC","215 Batten Rd, Selma, NC 27576, USA",35.5497215,-78.22468769999999,RALEIGH (NC) - DURHAM (NC) - FAYETTEVILLE (NC),37101
2016-11-04,Atkinson,NA,NH,Atkinson Country Club,trump,"Atkinson Country Club, Atkinson, NH","85 Country Club Dr, Atkinson, NH 03811, USA",42.8202398,-71.1795374,BOSTON (MA) - MANCHESTER (NH),33015
2016-11-04,Wilmington,NA,OH,"Airborne Maintenance & Engineering Services, Inc",trump,"Airborne Maintenance & Engineering Services, Inc, Wilmington, OH","145 Hunter Dr, Wilmington, OH 45177, USA",39.430194,-83.784742,CINCINNATI (OH),39027
2016-11-04,Hershey,NA,PA,Giant Center,trump,"Giant Center, Hershey, PA","Giant Center, Hershey, PA 17033, USA",40.287676,-76.670131,HARRISBURG (PA) - LANCASTER (PA) - LEBANON (PA) - YORK (PA),42043
2016-11-05,Tampa,NA,FL,Florida State Fairgrounds,trump,"Florida State Fairgrounds, Tampa, FL","4800 US-301, Tampa, FL 33610, USA",27.989841,-82.365494,TAMPA (FL) - ST. PETERSBURG (FL) - SARASOTA (FL),12057
2016-11-05,Wilmington,NA,NC,Wilmington International Airport,trump,"Wilmington International Airport, Wilmington, NC","Wilmington International Airport (ILM), 1740 Airport Blvd, Wilmington, NC 28405, USA",34.2668931,-77.91052010000001,WILMINGTON (NC),37129
2016-11-05,Reno,NA,NV,Reno-Sparks Convention Center,trump,"Reno-Sparks Convention Center, Reno, NV","4590 S Virginia St, Reno, NV 89502, USA",39.485859,-119.79211,RENO (NV),32031
2016-11-05,Denver,NA,CO,National Western Complex,trump,"National Western Complex, Denver, CO","4655 Humboldt St, Denver, CO 80216, USA",39.7810107,-104.9714941,DENVER (CO),08031
2016-11-06,Sioux City,NA,IA,Sioux City Convention Center,trump,"Sioux City Convention Center, Sioux City, IA","801 4th St, Sioux City, IA 51101, USA",42.49414360000001,-96.40012070000002,SIOUX CITY (IA),19193
2016-11-06,Minneapolis,NA,MN,Sun Country Airlines,trump,"Sun Country Airlines, Minneapolis, MN","7150 Humphrey Dr, Minneapolis, MN 55450, USA",44.87428329999999,-93.22778489999999,MINNEAPOLIS (MN) - ST. PAUL (MN),27053
2016-11-06,Sterling Heights,NA,MI,"Freedom Hill Amphitheater, Freedom Hill County Park",trump,"Freedom Hill Amphitheater, Freedom Hill County Park, Sterling Heights, MI","14900 Metro Pkwy, Sterling Heights, MI 48312, USA",42.564695,-82.9757612,DETROIT (MI),26099
2016-11-06,Moon Township,NA,PA,Atlantic Aviation,trump,"Atlantic Aviation, Moon Township, PA","Atlantic Aviation PIT, 300 Horizon Dr, Moon, PA 15108, USA",40.497149,-80.222248,PITTSBURGH (PA),42003
2016-11-06,Leesburg,NA,VA,"Agricultural hall, Loudoun Fairgrounds",trump,"Agricultural hall, Loudoun Fairgrounds, Leesburg, VA","17558 Dry Mill Rd, Leesburg, VA 20175, USA",39.1306867,-77.6055315,WASHINGTON (DC) - HAGERSTOWN (MD),51107
2016-11-07,Sarasota,NA,FL,"Robarts Arena, Sarasota County Fairgrounds",trump,"Robarts Arena, Sarasota County Fairgrounds, Sarasota, FL","3000 Ringling Blvd, Sarasota, FL 34237, USA",27.335988,-82.509023,TAMPA (FL) - ST. PETERSBURG (FL) - SARASOTA (FL),12115
2016-11-07,Raleigh,NA,NC,Dorton Arena,trump,"Dorton Arena, Raleigh, NC","1025 Blue Ridge Rd, Raleigh, NC 27607, USA",35.7939706,-78.7103301,RALEIGH (NC) - DURHAM (NC) - FAYETTEVILLE (NC),37183
2016-11-07,Scranton,NA,PA,Lackawanna College Student Union,trump,"Lackawanna College Student Union, Scranton, PA","500-520 Jefferson Ave, Scranton, PA 18510, USA",41.410001,-75.65696799999999,WILKES BARRE (PA) - SCRANTON (PA),42069
2016-11-07,Manchester,NA,NH,SNHU Arena,trump,"SNHU Arena, Manchester, NH","555 Elm St, Manchester, NH 03101, USA",42.9865885,-71.46166579999999,BOSTON (MA) - MANCHESTER (NH),33011
2016-11-07,Grand Rapids,NA,MI,DeVos Place Convention Center,trump,"DeVos Place Convention Center, Grand Rapids, MI","303 Monroe Ave NW, Grand Rapids, MI 49503, USA",42.9695365,-85.6731595,GRAND RAPIDS (MI) - KALAMAZOO (MI) - BATTLE CREEK (MI),26081
2016-08-10,Abingdon,NA,VA,Southwest Virginia Higher Education Center,trump,"Southwest Virginia Higher Education Center, Abingdon, VA","One Partnership Cir, Abingdon, VA 24210, USA",36.69667,-81.99951899999999,KINGSPORT (TN) - JOHNSON CITY (TN) - BRISTOL (TN),51191
2016-10-26,Charlotte,NA,NC,McGlohan Theater,trump,"McGlohan Theater, Charlotte, NC","345 N College St, Charlotte, NC 28202, USA",35.228833,-80.839725,CHARLOTTE (NC),37119
2016-07-12,Portsmouth,NA,NH,Portsmouth High School,clinton,"Portsmouth High School, Portsmouth, NH","50 Andrew Jarvis Dr, Portsmouth, NH 03801, USA",43.0593778,-70.76505850000001,BOSTON (MA) - MANCHESTER (NH),33015
2016-07-23,Miami,NA,FL,Florida International U.,clinton,"Florida International U., Miami, FL","11200 SW 8th St, Miami, FL 33199, USA",25.7563028,-80.3757191,MIAMI (FL) - FT. LAUDERDALE (FL),12086
2016-07-29,Philadelphia,NA,PA,"McGonigle Hall, Temple U.",clinton,"McGonigle Hall, Temple U., Philadelphia, PA","1701 N 15th St, Philadelphia, PA 19121, USA",39.9805246,-75.1581508,PHILADELPHIA (PA),42101
2016-08-03,Commerce City,NA,CO,Adams City High School,clinton,"Adams City High School, Commerce City, CO","7200 Quebec Pkwy, Commerce City, CO 80022, USA",39.8279592,-104.9007158,DENVER (CO),08001
2016-08-04,Las Vegas,NA,NV,IBEW Local 357,clinton,"IBEW Local 357, Las Vegas, NV","808 N Lamb Blvd, Las Vegas, NV 89110, USA",36.1780152,-115.0809448,LAS VEGAS (NV),32003
2016-08-09,St. Petersburg,NA,FL,The Coliseum,clinton,"The Coliseum, St. Petersburg, FL","535 4th Ave N, St. Petersburg, FL 33701, USA",27.7765089,-82.6411057,TAMPA (FL) - ST. PETERSBURG (FL) - SARASOTA (FL),12103
2016-08-09,Kissimmee,NA,FL,Osceola Heritage Park Exhibition Hall,clinton,"Osceola Heritage Park Exhibition Hall, Kissimmee, FL","1875 Silver Spur Ln, Kissimmee, FL 34744, USA",28.298957,-81.366699,ORLANDO (FL) - DAYTONA BEACH (FL) - MELBOURNE (FL),12097
2016-08-10,Des Moines,NA,IA,Lincoln High School,clinton,"Lincoln High School, Des Moines, IA","2600 SW 9th St, Des Moines, IA 50315, USA",41.56192009999999,-93.62716309999999,DES MOINES (IA) - AMES (IA),19153
2016-10-12,Pueblo,NA,CO,Colorado State Fair,clinton,"Colorado State Fair, Pueblo, CO","1001 Beulah Ave, Pueblo, CO 81004, USA",38.2490416,-104.6355229,COLORADO SPRINGS (CO) - PUEBLO (CO),08101
2016-10-12,Las Vegas,NA,NV,Smith Center for Performing Arts,clinton,"Smith Center for Performing Arts, Las Vegas, NV","361 Symphony Park Avenue, Las Vegas, NV 89106, USA",36.1688268,-115.1518086,LAS VEGAS (NV),32003
2016-10-24,Manchester,NA,NH,St. Anselm College,clinton,"St. Anselm College, Manchester, NH","100 St Anselm Dr, Manchester, NH 03102, USA",42.9874723,-71.5072307,BOSTON (MA) - MANCHESTER (NH),33011
2016-10-25,Coconut Creek,NA,FL,Broward College,clinton,"Broward College, Coconut Creek, FL","1000 Coconut Creek Blvd, Coconut Creek, FL 33066, USA",26.2404884,-80.1743321,MIAMI (FL) - FT. LAUDERDALE (FL),12011
2016-10-26,Lake Worth,NA,FL,Erling Gymnasium,clinton,"Erling Gymnasium, Lake Worth, FL","Lake Worth, FL 33461, USA",26.6120753,-80.0843237,WEST PALM BEACH (FL) - FT. PIERCE (FL),12099
2016-10-26,Tampa,NA,FL,Curtis Hixon Waterfront Park,clinton,"Curtis Hixon Waterfront Park, Tampa, FL","Curtis Hixon Waterfront Park, 600 N Ashley Dr, Tampa, FL 33602, USA",27.9488601,-82.4615812,TAMPA (FL) - ST. PETERSBURG (FL) - SARASOTA (FL),12057
2016-10-27,Winston-Salem,NA,NC,Veterans Memorial Coliseum,clinton,"Veterans Memorial Coliseum, Winston-Salem, NC","2825 University Pkwy, Winston-Salem, NC 27105, USA",36.12770769999999,-80.2574934,GREENSBORO (NC) - HIGH POINT (NC) - WINSTON SALEM (NC),37067
2016-10-28,Cedar Rapis,NA,IA,New Bo City Market Courtyard,clinton,"New Bo City Market Courtyard, Cedar Rapis, IA","1100 3rd St SE, Cedar Rapids, IA 52401, USA",41.971107,-91.6576815,CEDAR RAPIDS (IA) - WATERLOO (IA) - IOWA CITY (IA) - DUBUQUE (IA),19113
2016-10-28,Des Moines,NA,IA,Theodore Roosevelt HS,clinton,"Theodore Roosevelt HS, Des Moines, IA","4419 Center St, Des Moines, IA 50312, USA",41.5926971,-93.6790358,DES MOINES (IA) - AMES (IA),19153
2016-11-02,Las Vegas,NA,NV,Plumbers & Pipefitters Training Center,clinton,"Plumbers & Pipefitters Training Center, Las Vegas, NV","1803 W 4th St, Coffeyville, KS 67337, USA",37.0405086,-95.64393319999999,TULSA (OK),20125
2016-11-02,Tempe,NA,AZ,Sun Devil Fitness Complex,clinton,"Sun Devil Fitness Complex, Tempe, AZ","400 E Apache Blvd, Tempe, AZ 85287, USA",33.415661,-111.931986,PHOENIX (AZ),04013
2016-11-03,Raleigh,NA,NC,Coastal Credit Union Music Park,clinton,"Coastal Credit Union Music Park, Raleigh, NC","3801 Rock Quarry Rd, Raleigh, NC 27610, USA",35.7493881,-78.5763028,RALEIGH (NC) - DURHAM (NC) - FAYETTEVILLE (NC),37183
2016-11-04,Detroit,NA,MI,Eastern Market,clinton,"Eastern Market, Detroit, MI","Eastern Market, Detroit, MI, USA",42.3484978,-83.0401653,DETROIT (MI),26163
2016-11-04,Pittsburgh,NA,PA,"Heinz Field, Great Hall",clinton,"Heinz Field, Great Hall, Pittsburgh, PA","100 Art Rooney Ave, Pittsburgh, PA 15212, USA",40.4467648,-80.0157603,PITTSBURGH (PA),42003
2016-11-07,Raleigh,NA,NC,Reynolds Coliseum,clinton,"Reynolds Coliseum, Raleigh, NC","2411 Dunn Ave, Raleigh, NC 27607, USA",35.7840192,-78.66966649999999,RALEIGH (NC) - DURHAM (NC) - FAYETTEVILLE (NC),37183
2016-11-07,Philadelphia,NA,PA,Independence Hall,clinton,"Independence Hall, Philadelphia, PA","Independence Hall, 520 Chestnut St, Philadelphia, PA 19106, USA",39.9488737,-75.1500233,PHILADELPHIA (PA),42101
2016-11-07,Pittsburgh,NA,PA,University of Pittsburgh,clinton,"University of Pittsburgh, Pittsburgh, PA","4200 Fifth Ave, Pittsburgh, PA 15260, USA",40.4443533,-79.960835,PITTSBURGH (PA),42003
2016-11-07,Allendale,NA,MI,Grand Valley State U. Fieldhouse,clinton,"Grand Valley State U. Fieldhouse, Allendale, MI","Fieldhouse, Allendale, MI 49401, USA",42.9668492,-85.8897201,GRAND RAPIDS (MI) - KALAMAZOO (MI) - BATTLE CREEK (MI),26139
